epoch,step,train_loss,val_loss,val_accuracy,lr
0,224,0.41207598415868624,0.40783216059207916,0.8186774779812666,0.0
