epoch,step,train_loss,val_loss,val_accuracy,lr
0,224,0.4157519798193659,0.4030271869684969,0.8147630364881868,0.0
