epoch,step,train_loss,val_loss,val_accuracy,lr
0,224,0.40865708528352634,0.42872221395373344,0.8088646532438478,0.0
