epoch,step,train_loss,val_loss,val_accuracy,lr
0,224,0.41173048304127796,0.4400230406650475,0.8028523489932886,0.0
