epoch,step,train_loss,val_loss,val_accuracy,lr
0,224,0.41375811038804905,0.402676378509828,0.8234307283657207,0.0
