epoch,step,train_loss,val_loss,val_accuracy,lr
0,895,0.4555083399045401,0.46278895161646816,0.8018736017897091,0.0
