epoch,step,train_loss,val_loss,val_accuracy,lr
0,895,0.4444602121354481,0.48545871914497446,0.7899888143176734,0.0
