epoch,step,train_loss,val_loss,val_accuracy,lr
0,895,0.44375142673207396,0.4885601495791759,0.7942122186495176,0.0
