epoch,step,train_loss,val_loss,val_accuracy,lr
0,895,0.4298746403036171,0.5120349115958172,0.7900181741926464,0.0
