epoch,step,train_loss,val_loss,val_accuracy,lr
0,895,0.4374682187035097,0.5319204059695559,0.7728225919194743,0.0
